{
  "project_info": {
    "project_number": "73399370816",
    "project_id": "autenticacion-fd543",
    "storage_bucket": "autenticacion-fd543.appspot.com"
  },
  "client": [
    {
      "client_info": {
        "mobilesdk_app_id": "1:73399370816:android:cf647425c64c7975e20ba5",
        "android_client_info": {
          "package_name": "com.example.adpractice3"
        }
      },
      "oauth_client": [],
      "api_key": [
        {
          "current_key": "AIzaSyAUR3nEewS-D30PON_hrdTgnM2uMLrbvtU"
        }
      ],
      "services": {
        "appinvite_service": {
          "other_platform_oauth_client": []
        }
      }
    }
  ],
  "configuration_version": "1"
}